OrderID,Date,CustomerID,ProductID,Quantity
989a9989-6e2c-4754-b878-e83f8e1f9c92,2022-01-24,0,4367bf5b-7949-4ddd-8af6-efaa5fd7e8a4,8
245e9fe2-96fb-48f2-af29-c8cb1811fc7a,2022-08-07,0,aa17d6b5-e6e9-4523-8d1b-2a41d69434a5,7
b890e09e-6d48-4906-9fb2-814218407f35,2022-12-14,0,bd7e78a2-a20c-410a-a68b-b02699445cb0,4
158b4842-2bc2-4d91-81af-5b199c049bbf,2020-11-16,0,7bdd8b80-e221-40c4-b777-46336205762d,3
4f16e90b-aa9b-44ef-9c67-80aaafeb4339,2022-10-24,0,fd8f9b55-b9d1-4de4-8411-2099fab5f94d,5
a8db3f08-7fbf-47cb-8393-8c6b0124f22e,2022-01-17,0,78f78045-14b2-471e-be91-2f8a09962e78,4
1b899e0d-0057-40fc-889b-8804b51c14f4,2022-11-19,0,6ac308c1-7748-4382-af01-9e067d7f025b,5
6bae52fe-2da5-4043-9a2b-de71c105119c,2020-03-18,1,f73ca3f3-9320-44a8-a68f-046beb43748d,5
0947d003-76b8-4987-a370-1f2931888953,2020-03-05,1,6ec04eb1-0498-410c-b187-521f35a6572c,3
9964f956-9b74-4ab1-b74a-e35437186a82,2022-02-26,1,54347050-8c73-4f03-a44b-48d3e39f81a2,2
91adc946-106d-4537-88f9-b3aa7c5fb27d,2023-03-26,1,df2fd706-198f-4d0d-b15f-632494b4a9d5,3
4fbe31b4-0fb1-431d-aa00-5bd8e0f27974,2023-09-23,1,f2dcb089-ed29-4619-86c6-634dc5d9edbe,7
33ce2fcd-aef8-48aa-a851-7d4d34e6251b,2020-04-28,1,a78e39cc-0bdf-4f00-a7f1-7dad6b02cd92,2
4a967dc4-e921-48e6-b640-462359f511a3,2020-03-18,1,7ffe5b26-9503-43ed-934a-b943ada0155b,6
dc71406b-bd0f-4bf6-8fc6-50c804a60306,2021-12-15,1,fe29fe4f-8827-40ce-a9d2-0dc4b4b0da9a,3
633dd4e6-23e9-4dfe-a931-4a9021d3e39e,2022-07-17,1,6a7883ee-0345-4c68-9005-fd63dad2be1a,7
dbe25a33-b571-4d4a-8c9a-3745878058d3,2022-09-05,1,5c86d5e1-5c36-4c1c-875e-c99a8db842b5,6
4aad0409-3ef7-4d7d-8b9b-202402797b06,2021-03-12,2,9a7be5a4-07b1-4487-9e91-2f2727ed97ac,2
c3a328c0-3c9a-4eae-a754-f3c6ca136d39,2023-05-13,2,36c39f96-5848-4e74-8542-3c318508e2c3,1
97453003-ca2c-467b-9be9-74cf18360418,2020-12-04,2,975c771b-099e-4f40-80ae-085969fabd40,3
d4ef46af-48e5-43b9-ab9f-98996f748956,2021-04-07,2,a7afb817-bdb1-479f-889c-71b497f00505,6
df988a8d-f9ca-4f30-9184-b3c1f220fa4c,2020-02-17,2,9afa4064-cd71-4f7d-a320-aae66e67035d,10
08d20d4c-210b-4494-8215-66f593894bfc,2022-02-26,2,3833de46-d16f-4b4e-9c3b-dd6fc6a3af4a,3
3cd330e5-9d62-4daf-a516-8c043a812f7f,2022-07-11,3,3ccc59ff-64a9-44e7-b075-eb9722fadb98,5
6a43bc35-1482-4622-95f6-bd8265612fe2,2021-02-08,3,0badf897-ca0f-4d60-8c67-e0e020186a11,7
53933a75-2d07-40f8-9c07-969abb34c001,2022-02-15,3,c46a971b-ee5f-48ae-af68-d4fd6aa31575,2
e4801a22-8097-42fd-9324-ea843edfbf35,2021-07-25,3,2f7d2429-aab8-47a1-b5d3-f756420d3792,5
f6ec40a0-3346-4bb1-b671-470e66806d6a,2021-01-20,4,d728b135-5da3-4050-a36d-0b73ada3c0c8,10
d42af32a-946e-4293-bc26-f41880322b8b,2022-05-25,4,b7e0e38f-e9b4-4ea7-8356-78f0b9ad4bef,10
c686123b-b95f-4749-984c-7727c8f83226,2020-02-13,4,b6d6c2e9-9f11-45b0-81cf-0a02947447aa,8
6a3b9951-872f-428c-99d5-3c0267b5697b,2021-11-02,4,dd0d8600-4f41-4e64-b9f2-7c18a6639622,6
6d2ff794-9d7b-493c-a0af-9576f914a8f3,2023-02-20,4,bd7baf64-dd8d-4403-a8bd-584ca539ea9a,7
d4a3a1db-78f5-41fe-99a7-0ec20313b50b,2021-03-27,4,fc7f2a72-311a-4422-8d75-e613d411d987,10
63cce5d1-502d-4740-8c7b-cc670f787aca,2021-06-23,4,fc054497-f576-4d11-a82c-3882af6b8d53,5
9c7fe574-0d2f-438e-ac30-f0474eda7fee,2020-09-03,4,a070b30b-c376-46db-9710-409d99ceeed0,7
c0a30287-c0aa-4e81-8211-174b0393333d,2021-06-06,5,cf24b24f-2e4f-4756-a676-d70e8b98f25b,3
42763f73-f5a8-4b9f-9302-ec9ac7ab4ee5,2021-11-04,5,8283ffd2-6807-41d0-b3bc-9b2ba0fdad05,9
1e2780d2-0b41-4af5-abc4-a6cb16369d96,2020-07-31,5,bdb6bc2a-8e58-4471-a0c3-ee227e5937aa,10
dc4e342e-f14a-486e-b042-900261b71e0a,2022-05-01,6,ebc445df-6ede-4c23-bc60-26b5b72e6625,8
7f30770c-6bee-4eac-a873-5c0a9c6ceda1,2023-03-04,6,0ba0edf4-7432-430e-bea3-06d2107387a0,4
28447aaa-faec-47ef-a0cc-c3aba2069f2b,2021-12-16,6,09ee0f0c-60a3-42f9-83fd-3b9757c9e4a7,3
e34dc275-bac0-4867-ab39-1ad71a9da852,2020-03-10,6,7bae1145-992d-4a46-a5b0-60654384b09e,5
1bee7dba-b2d3-4576-840b-c999ac2f47fa,2022-03-20,6,c3efd155-a2c3-46c2-a3fa-670760cdcc54,7
70ec0225-3e5d-47b9-b3e3-b585408c5814,2020-03-11,6,307866fe-7558-4ce6-b64d-699517ae9d63,7
39fe0185-27d3-4de7-84f7-f06b98cb028d,2022-04-29,6,92510bca-d698-42f4-a522-cfbf0ad84251,4
5cc55585-4072-43af-9941-5b4206bcb0c7,2022-08-01,6,55fc95c6-258d-4c1b-82d7-1d755dacd414,6
b92f4e61-4a2b-46ca-bcfb-880576914596,2023-02-18,7,d2adc9b7-99ee-42d8-83b9-c02d2c22c329,4
32f630af-9984-4350-a205-72f8eb140dfd,2023-04-25,7,abad1401-0f70-42eb-902f-1c2a2afd1ff9,6
0c72f4fc-bd08-4180-87c8-be63e6cd43ad,2021-12-10,7,de82db29-ac35-4803-8dd4-cfa66fb7db22,4
e3697571-1dea-4ca5-85a5-e8c972a7dab8,2021-10-20,7,8a875393-cf91-4e2e-b09d-31ba852acce1,7
82c54982-0eb2-4188-8322-ad247d2b1f3d,2021-08-20,7,c5bdfe36-f63d-4d2f-8b69-592b6021a0f6,3
21fbd186-d9b7-49e1-a8cc-19e5772a4188,2023-07-07,7,414808aa-f9bd-4d8b-97cf-9390cdd35791,2
eca1abd9-7735-41ea-910a-12d268e3b527,2021-12-19,7,19cd0836-80c1-4906-8008-4c7ada1b90a0,1
26a882f9-f630-40a7-a081-f5f026343b5a,2021-06-25,7,00a86d44-b8f3-4f4d-b650-b4f0eed22a6d,9
9c21285f-5260-46e5-baae-5a8dfe40224f,2023-08-09,8,71ac3f28-a0c4-49a7-a3d8-2e19f5e5fb70,2
d2aba3fd-2904-41bc-acbd-28735ef515f9,2021-06-24,8,518a8949-d033-4e15-aae2-8267243caffa,9
f0ce9656-f480-4e24-9a95-7df794f230e6,2022-08-17,8,52cb0bd4-f8fc-4505-90d4-23f5a0e31297,4
ad0d6c06-091d-4db4-870b-afe8d524023a,2020-03-14,8,b12526b9-3a38-4848-bfdb-4677cafdd301,3
2109037a-d9f6-49a2-aea2-29d652b20867,2021-12-25,8,fa40e7c3-d203-4aae-a921-ab3bda7643e6,10
33ef7c69-53d6-4d9c-a9da-5d78a95f6e4c,2020-08-23,8,e6bbb142-4286-4071-8781-a4f1db223b85,1
6a172a42-c5c2-4c50-a2f6-8fc08ff765f8,2020-03-08,9,c614fc51-4e86-4a20-897c-043dea6c2c3b,9
ba1ffd7d-7cda-4ff7-929f-98b14dfdef50,2021-05-05,9,9c863b82-1bc5-46da-a3f7-f94382ad6cae,10
c17ddb9d-8604-41c0-9044-487ef6dcb4e0,2020-10-30,9,9daa1f82-0987-4638-beb6-d65fc32c2a5f,8
56abbe36-a18d-445a-b5d9-292020c0604f,2022-09-09,9,5df955c0-e98e-4087-bcd7-e532c6275071,8
a95dc57e-9bcf-429f-a1d6-03befa8a1b9c,2022-04-08,9,ae121ac4-832f-475e-b670-96ea27a5af39,1
20f4f163-81c3-4bd8-a68b-d22276f75263,2021-02-13,9,4aa174a1-1e92-4f5b-a5af-e2b7011963ea,3
ee2b596f-493c-4605-9048-43e77a9ce921,2020-07-30,9,bd86d708-5b75-47a9-a47d-d114b6c1d846,2
83188cf4-4cdc-4711-b958-485dcc56c276,2022-12-02,9,210a05d6-d995-47d5-a64d-ffec6b29cd9a,8
b20341fb-2828-45b9-9785-ef51df061fae,2022-03-30,9,7374a1b4-ceec-4812-9d58-e86c9df8905a,3
76861575-f3a4-4b13-a804-c93026463c85,2020-05-06,10,cccb385e-5f6e-4edd-b2a1-59bd9d355391,10
df4812f0-1e04-4663-8c3b-8d36350a4040,2021-01-08,10,7514e5d5-d7d8-476b-bc7e-f0e2624124f6,4
f46d883d-5cc9-41d7-b6c1-f60adcfb1a8a,2020-03-07,10,803d4b25-0156-486b-a883-4fd82e7404bf,4
6a262fd2-4f99-42e2-82ed-21469cd014f4,2022-12-30,10,95027bab-03c8-444e-a3a5-e506f05919fb,1
9af11464-d789-42ae-b50e-01f97e2c4792,2022-08-31,10,50cffe73-5d4a-43ad-89f0-97424a962adf,2
60ef1895-d1ed-41cb-bc43-a75ef9c21e2f,2020-05-10,10,245ca05a-9c47-4e75-bf42-aaecc86e10b0,8
7a169783-99b9-4a35-9503-220acae23ff0,2020-07-02,10,0f721aff-dca9-4c63-b39b-adacb2973fbe,8
4cb63e36-f304-4569-8b47-2416a5b6ae6f,2021-01-03,11,e7602e2a-24e2-4734-86ca-addaf3649337,9
3e6dc164-b0c2-4f46-b4cc-3b655d6e7438,2022-01-28,12,cf770b57-3fcb-404f-a8af-b6abc90ff02e,6
3c365e00-2fb3-4305-ae3b-42883255ae33,2020-04-07,12,85491c38-f906-48fa-a656-3dd8b38633ad,4
16354016-ab32-4fb9-bd60-da55e6eb0e22,2020-06-15,12,f88960ae-e0b2-4b57-962f-7437d7e4ecc5,4
8df85cc5-8239-4f5c-aa94-2d75fd14535c,2022-01-11,12,b625c4cf-c964-44fb-b4fc-689a2f8bd523,3
2362d650-d3e9-474a-aaf6-1c76266c631b,2020-02-12,13,1a7170de-1f74-4f02-9351-0cfc93caaecf,7
2dbab302-5526-40e1-8dbe-7235fc3d6045,2020-10-03,13,15da8e6b-c4fc-4818-a932-2e2fe7421174,4
e9272b1e-89ea-4ff8-923d-486c65dde909,2023-06-15,13,454c8236-9634-43b2-8836-caa7d2d20522,7
f6e2ef51-f9ba-4573-b817-abc4a83b3eec,2023-02-14,13,6bd006b7-3b84-4b5e-9e46-d71b3ef21e87,9
0b159bf8-7706-46cc-8617-d1c9e2e34f03,2020-06-05,13,7257c0e2-6887-4fb5-a129-6d10e7582fb9,7
b6c38feb-c4c5-4f83-a122-883e0bc0dc06,2023-05-23,14,8929b96e-c326-43ff-966a-4866cbaaf6dc,8
d1635739-6ab7-44a2-a3c7-3eb212bfe494,2023-08-23,14,75a9e7cb-fbfe-4f22-ab04-9d0b7abc0189,7
6c123622-92a3-471f-a683-c856d7f98a77,2023-07-30,14,58231472-eb4d-4ac7-b0d0-6b36b0576333,10
548fb468-a218-4b84-88ec-061f33d57de2,2020-11-22,15,35d7b5a6-9b7d-4beb-b7e2-7ea100764d9a,4
ae7b8c61-8b4a-443a-a12d-a43e0ba84e8f,2021-02-11,15,c58bca8a-44cd-4af4-a137-1501c6dd8ab5,6
b193a6cf-b075-4a8e-8560-950bbce226f0,2020-07-17,15,438ac215-02ba-4934-bf25-e8f3958da927,7
740010ae-61b7-4818-881a-9b714d8360c9,2020-02-08,15,b44efd6e-0bd7-4243-aa50-0d3c0b7ed922,6
68a749ce-d17b-4f14-b40a-044fb64067ed,2023-05-29,15,26851250-9b46-45bf-8486-a77843273bf4,6
ec3c3318-f360-4e19-95e7-54f18cfa7afe,2022-06-09,15,ab52316b-0b0b-425b-a14b-bb9706de0664,6
5dea3c90-990d-4b4c-874f-8a4bd558346d,2022-10-31,15,8ab68fd8-c338-4159-9b6f-de6ac555c88e,8
3f3ed04e-ef9c-4a17-8567-d868260225c8,2021-12-20,16,087264b4-81dc-4fdd-ad05-a521ad2cae70,10
0d544a6c-4fa1-4bd3-b7c6-7d0e3d48c7f2,2022-05-08,16,ede3016b-f436-4946-b722-5fef158c374b,7
804daf5e-ff8d-44bc-8841-e28ddf7ea5bf,2023-05-04,16,2e0e7510-2f4c-4651-9792-e8214406c628,4
9fe83847-96e6-4890-9b1a-fc8fcb4bee94,2022-12-28,17,1d02805a-54a9-46ca-b40d-bc793d6c6a9a,9
ca5c7c61-581e-4c85-8698-dbf72d9feb93,2023-03-29,17,4f4c3f3b-3863-4700-b01f-4e365ec9f544,5
2b04417d-b687-40c6-91f2-c941af233db5,2023-01-06,17,3b2f1940-ea81-4949-930c-aab2b4acf90f,6
e6b0075c-de41-4291-ab1a-8cb6b7ecfa69,2023-05-18,17,4307abf1-70be-4a3b-aa25-3d29ec2e5ece,10
77843627-19ff-483e-906a-1c3800ff63dc,2023-04-28,18,663f9e78-1198-487f-8f58-c6cbe5c0a539,5
b4130488-2a05-4198-868a-ffb4c2333e20,2020-02-04,18,1b9858cc-5832-4edc-8316-7114e0af5c0c,9
190f2d4c-068c-4143-91a3-85ec6298f369,2023-08-04,18,55775ee5-5482-4314-a75e-a773c235cbac,3
2bb1f1ee-0dce-4b03-b4de-b7e663ac2aa6,2021-03-09,18,a1a23786-a4e2-4a0c-97a6-ba900102f72f,5
e519bce6-8180-460b-8508-c309d12f3568,2021-12-27,18,7890f31e-2ce5-4706-b3ed-afb97e1de7dd,5
3e1312d0-b2e6-4146-b4e5-09f2389f3e63,2020-02-26,18,564e556d-c2f3-4d36-8241-2c10824e44d1,8
7cf21956-7792-4a59-876f-260f294c94bf,2021-11-11,18,00e76e60-1d58-433a-bb05-3fbc7e589c7b,3
e0e630db-cb46-4ef5-9fc7-8100ca287b49,2021-07-16,18,fc01f076-ce54-45ae-a8fb-30efafc1069e,10
955a0af4-e3de-4663-b6b6-0dbb4892b8c5,2023-03-22,18,648fd673-4fd2-4b35-8c65-b0537234e626,1
dcff5cda-869d-4343-9cd7-6e7b0e379bae,2021-07-20,19,c855bb96-bde1-489c-9f65-5ee787bb3289,8
465b5e41-e059-4b85-9a88-b0026bf3aee7,2023-01-20,19,30337592-3047-48a7-9595-e61e56e95d0c,3
2207b469-8bbb-4626-a45d-c32c4326c7b1,2021-05-07,19,f59f7ce0-2263-4949-be73-a3496fdc61f1,6
3dd73ef6-e114-4629-9fa1-ceda41855ece,2022-10-04,19,e7b7da17-f9bd-4a31-87f5-160ffcc36c06,3
7b607804-07d1-40d6-9466-e8e8e2d23023,2021-04-21,19,257e3dcf-cb82-4ef6-8fb3-30d8ddd9633f,10
9f7cf0fb-45c3-4234-8ec9-5cfe45b8873f,2021-05-23,19,ea0e5411-14b4-4f30-bdb1-302e892509d1,1
e9b74211-b60a-4c2a-98a4-2a86bb743de8,2023-01-20,19,36a2e5c9-5353-4a81-8ca2-71a4849f7304,4
b2ada23f-8972-4b24-9ab5-2b5b332e0985,2023-07-04,19,486938f8-d40e-408e-9106-0fbff959537d,4
eac6b80f-ca46-4099-9290-f67353ead480,2023-02-09,19,8da16a9e-83d2-4808-a168-c34cf8cdfc3f,6
66c5087f-4012-4e5a-8f52-c6435df1c35a,2023-06-30,20,c2e9c8e8-3ff7-4602-9779-0d7bf09c719b,3
2e74b163-ad71-462d-8721-ea7bc1b6e6ea,2022-07-15,20,2986064a-28c8-470d-ad3e-5ff07390cd6a,4
960393eb-7a5f-48e5-b583-5004a4872092,2021-01-13,20,b433c049-b3ba-49b7-99d0-8db7f68230e9,3
dda89316-0431-4ea0-8528-d3cddc21e747,2021-09-14,21,db675c4f-d124-41e2-9c61-d13f09a92163,5
2541b2d9-4bc0-4018-8730-e71e4ecd2ab0,2022-01-09,22,a13f9d2f-3499-4621-b4ea-a977fb6ceb48,5
7a6678f3-38b3-4d4f-9bba-a63bf64b8651,2020-04-02,22,da4e2d5d-336f-41bc-95d5-d972018b8f9e,7
4fe1b831-6e3d-4a0f-83c4-c08522515238,2023-02-14,22,28bb5d63-bac2-4de7-8821-99593575ae8f,3
5f4e0904-d47c-4f8a-a75e-8d1ad7194670,2023-03-26,22,f079b455-0f11-4376-8294-7eed08f8a038,6
ba75eb4b-0900-4f16-a8ce-97c5a90d2b5e,2020-07-05,22,f46ef4f8-05ad-456e-88a0-d28ce65bf448,5
17a2b809-9e20-4b95-afd5-93063fd04c22,2023-01-25,22,811fb494-6fa9-4352-9f6b-0c5787fbee4a,9
3e8d2da9-a4b2-479b-b343-325402a0e557,2023-02-13,22,cfeeda9f-04ba-498a-aa38-a0441d2a31f7,7
eae744e0-c11c-40bb-a3aa-f675633dd217,2021-07-19,23,7833ed70-e0bb-4003-8dc3-a1779618c2b5,5
209c070d-047b-445a-b4ab-bf16ab609440,2022-07-02,23,d3c8d57c-5d55-4272-9e57-5c70636e942c,3
e963cde9-c1e0-4ac8-a61d-4471aea9ed61,2022-07-13,24,2c0ec87e-6fd4-49df-b0c0-8c3d0a586183,2
7530ab56-7e34-47a5-b06a-9c582f354874,2020-03-24,24,9bfac33b-7aea-4796-807b-9ca7d3ef2124,6
65541785-fadb-4cb0-8f86-b433ab08e931,2020-03-23,24,d1f5afc3-8809-4ad3-9ec8-a220968d9358,2
7ad82f30-6622-4267-832c-87b2ee81d974,2021-02-23,25,0de3332b-f699-4f26-b86e-1ceed19da043,2
f559564b-07a8-41f8-b1f0-b37755b5108b,2023-04-14,25,6806153f-531c-4fed-a10a-a97131461580,6
9ffc0874-4a31-4825-a917-5ed2be6aea2f,2023-03-11,25,78c78a88-d1c7-4259-8a95-8cac855ac8f0,7
bfc529bc-98f1-450a-8f45-ab83cd5b3fe1,2022-01-11,25,deff38df-6a3f-4224-95e0-d190e859bb12,3
a0e05fe6-3479-4b97-ae21-10ec146354e3,2023-07-08,25,7e06b534-1f5f-4e76-b7c4-3fbffb5f1b91,3
04051c12-6b09-4c4b-b725-05bb0401cda5,2020-05-24,25,60baae89-6fbe-4a14-b398-51897c8dbe37,10
40e6f846-eb42-470a-9f4d-e3b1892c505d,2021-11-17,25,5b70322d-82f9-4b5d-89cd-e79c8ff55421,9
50ab888c-dc35-4d32-a2d5-d2b9df04f871,2021-02-10,25,cd89a607-f64d-4dc1-818c-9b3e774b9c85,4
b0347e2c-7668-49b7-8273-8dfa0fc6c5bd,2022-11-28,25,125bbfb7-3f9e-410c-8b3c-778e3b55e65f,6
5dd3be4a-c84c-4333-a43f-d29deee03174,2020-01-13,25,01bffc9d-48d3-48a1-9594-310a289266ea,1
3a8a38e3-f7fe-40f9-a840-3cde77842fcb,2022-01-28,26,128655de-7009-473d-9a9e-584a54adb671,9
3e74d40a-e46f-403f-b874-a7d032d71246,2021-05-28,26,5829b05e-5ce8-4a08-af79-249c1aad80e5,5
206bcf38-e8a0-4bf8-bb55-70ee8039bbc1,2020-06-03,26,bed143da-375f-40a0-9d10-b4dca32dd587,9
5a76afd9-b88a-476e-8b5c-4357ce58053c,2021-10-04,27,3a8547ec-c0a6-4e9c-a216-d083c4eb6620,10
626f9378-93df-4391-be3f-e4d60ebf01a3,2022-09-09,27,dc247844-cc2c-439f-800d-ba29fe0fff8f,7
92d0758e-4a81-435a-a57a-0c95934447a7,2020-03-07,27,451cde6f-68b2-4a97-a93f-d6a53193a01f,5
be6b32ae-c056-435b-b19b-115ea6d93653,2022-01-22,27,ee74d90b-24e4-4620-a65e-ca8ec0164d45,5
fb5a960b-0246-4a83-a044-4b1f787c6c9a,2020-07-22,27,1c8e083e-a486-44ba-a788-4c96fdf3cd0d,6
e0b3612b-1511-47dc-aeb1-51883875fff7,2020-09-23,27,e4814906-f727-4286-ba33-6a4e68fc0079,7
c015f8c1-ec82-4570-9f40-dbb0fe05bd89,2022-07-29,27,5a617488-f6f6-4a84-8652-0c6f31d45682,10
9ef44ab2-9e7c-42d7-b4da-b2baf413c0a2,2021-01-25,28,d21c3dde-35ba-4d25-b2ad-7a78e5c52caf,4
23aab2ee-7cf5-4109-947f-0c309bcd0017,2020-02-08,28,38a0e85c-815c-4e39-99e0-608892977530,10
ba62482e-d9e0-4ce6-ab8a-d73a5769a5bb,2021-05-31,28,5305d9b7-4d75-4d2c-a75f-66e16661314e,2
2c9b21c5-8b5d-4f02-9622-e41d7d5644df,2020-02-22,28,3f14e18d-30a6-4408-9f4f-a31157f383c2,9
e310c215-0954-43ef-8030-8226dea8cb19,2020-03-01,28,0ce96a1f-c954-4c42-bcea-67d1a63735de,8
890d6838-e380-4b76-9268-003833ead20e,2023-06-17,28,0e3e93b8-d6c4-4c44-a7e7-0734d9817347,2
3b3c77ba-47eb-45d6-887a-a8fbea80795b,2022-11-06,28,7af695da-4092-4291-bdfe-bccbca63b591,10
4c9d25a4-2dc5-402b-8d44-66919b4cc2a3,2021-09-07,28,d706b812-e3ef-4157-9517-4f133e24e7f1,5
0777198e-55db-4201-b127-b416c607875c,2021-11-03,28,877eee3d-b845-478b-b394-f226eec9688f,10
2b402b69-2da5-4ead-9659-840a5e87bbdc,2023-03-12,29,38b7e71c-a744-476e-861a-535071f5f3dc,3
b1bb20d9-4bc7-4586-b12c-0cf553ffdc51,2023-09-23,29,c930ec8a-ebf2-48ec-9c1c-65207585b413,8
b4354267-bca6-4edc-82fc-ff9b7e63667a,2023-07-01,29,ebd796fd-44a9-47f0-ad28-b58772cc7b6e,6
a6bc7568-7c64-4a53-882f-e69f8f1a9d8d,2022-07-10,29,9bf24e08-fc89-4c8b-b3ea-29c7e597883a,9
9a7a158e-d779-42bc-a922-96ba6c68414b,2022-10-08,29,832476db-c725-40c4-87bc-067320d0c819,3
b651435c-2610-432e-becd-15a23c229ebe,2020-08-12,30,891462be-e037-4ecb-84e4-a4ca9e2f8255,6
4dd98b69-b809-43b6-bab1-4ca83f56df28,2022-11-02,31,b57c9017-4d07-497d-9ecc-15536bca4811,2
38b63ed8-3658-4a0a-9f26-576d13e48be3,2022-07-09,31,969fbbcb-c17c-4f29-ba63-1946ed5715ed,6
60c05c1b-bed9-403a-886b-ffc4872dbac5,2021-04-29,32,7d204a3b-7fef-4e1f-b5fc-bc27a62fbec5,5
19ea43fa-743c-4eff-96df-150b0ec6cc60,2021-12-27,32,7801802e-5286-44e5-b691-a314c4833eea,2
f5c673d0-c6b5-47ab-a8ed-260ad3ded40c,2023-07-19,32,87f546c6-a9a0-48c2-b7ef-4d0d23dea797,9
7d87a624-6b4e-42d7-bdbf-dacc54b72bae,2020-11-03,32,a0b171ac-1220-4724-9dfd-622223790681,6
030aaa7d-bbe1-4943-ae36-0cc7383bc65c,2020-05-12,32,284631ad-7156-489c-af41-22bc17b14c7e,9
eb939602-45bb-4d46-a93a-fcde878509e4,2020-08-14,32,10e1c5d7-7559-4bdc-8e69-51b4e13edaaf,7
fce5c356-ccf3-4070-9b91-2a1997e8823d,2020-09-08,32,98e89865-c48d-4aad-bbeb-9bd82ed155fa,3
66f7f2b6-8192-45f8-9958-eb75dbd8c456,2020-07-02,32,5e7cd8b4-2e7d-4a95-b773-ed141cd4b8ec,2
b0a9cee9-ab4e-471e-b777-31f6b0b3396d,2022-08-03,32,9061f04c-a9d5-4a04-9df2-5afe4f718db6,4
458c6d2b-5696-43ec-89a0-81920785e46d,2022-10-31,32,a6be8467-c093-4532-8fbc-2ce9be545c41,3
087cae7f-d8f0-456c-aad8-42ce5dcea549,2020-11-10,33,cb911c82-fe1e-4eec-a0d7-a47443e05c45,1
d77ba657-114f-40b6-96b5-1516c8d54622,2021-02-09,34,74483211-a9ab-4c24-8f8e-07409ffa5a89,2
2734e2ec-1ec5-400d-aee7-94be19aba304,2020-12-05,34,b64f0d11-7366-4011-831f-cb61dfe15176,5
73ba4afc-0024-4b69-8cf8-60436f94be57,2020-10-03,34,91622d50-4385-4a8f-a869-ab3e544a52ca,1
7b8305ec-c0ad-42a5-b852-41173cdb7b76,2021-03-20,34,fe899c6b-64c7-4f04-9d3d-7ca1cfc361a3,10
3841e161-9ba1-48f1-975f-02048f9e8dd0,2020-04-20,34,ca63e611-40a2-49f3-996b-bd173f832403,3
5afe71ef-59fe-4407-b7aa-af49956f09fb,2021-05-09,34,80c5e9e3-8b56-4301-8683-9c5d3511fe10,6
3e7055a1-d774-47c7-829e-2b412e1de3e1,2020-09-19,34,df32b876-2386-4e83-b4d7-05cad631c21b,10
1dfaa536-d16b-41b2-a730-4bdcc4171f5f,2020-03-11,34,b4522bb2-6b83-4854-aa53-0db82f47a73f,6
2950513b-f151-4f3d-ac04-8bb47a21f877,2021-09-27,34,74cb245a-8bfd-4d88-9ed0-2606955ef643,4
709a5d88-d156-4860-bafd-e2fedbba492d,2022-09-06,35,2396caaa-ecd3-45f7-947b-51c95331d27b,1
b63edaba-6d5e-4a44-9d77-3a65870f2582,2021-01-15,36,fb86d9f7-cbf0-47cb-9aab-f9c632f191d1,9
dde42e49-c947-49f2-91ed-6e4772dda3e6,2021-03-29,36,f5e01334-5ea2-4236-a87d-50642d6471b5,3
f2bb7301-7927-4987-9642-5cdbe594ee31,2022-01-04,36,9c85b51d-3748-42d8-b161-ac5879456249,2
36546544-f9e7-4a29-ae48-3a102dde7c49,2022-01-26,36,ad82aff0-7ac1-4c98-b2a6-85675439e2f3,4
c4c12629-0b8e-4126-b2d7-6dca5371dde4,2020-08-19,36,da6bba2f-8cbf-410c-a51d-79d40e92d43f,3
8a1d0b9d-4702-4f93-99b7-2d9abe0f2abc,2021-12-31,36,15a257b1-e243-40d3-bf31-a0abc053c078,6
f76da90f-54be-4f96-ba93-64388a6fe975,2022-01-27,36,a24d80f4-e726-4098-ab8f-7d6cfd448d87,4
2c68c0cb-b38e-4273-b315-178e69e1f869,2020-12-06,36,2e0f0cf2-e018-43a3-b4c2-7c87d6d38ec0,5
951a9ab6-6955-4bd9-aa6a-4c3c02f4df91,2020-12-06,37,e275cdf9-8ff7-44fc-8747-7cd9cfbcb816,10
c54863d8-8ac6-468a-8b68-1634998d7e31,2022-03-10,38,852bda2d-9102-4aff-b342-9ef3c035c1ba,3
41db95c6-7316-4a16-b2cc-4b0b0efccd0d,2020-02-14,38,b474d1c9-dda6-4560-8f34-b13f3670f177,8
d8ae66fd-dc14-412f-95d1-6882cc7c56c8,2023-04-18,38,90d2d0c7-aa64-46af-b933-61caf41cf9fe,8
b84156f1-f972-419a-b735-f833c061d63e,2021-12-20,38,991fd2b8-65f4-4870-a908-1007efba33bc,9
41b11561-46eb-4cc1-b111-018bfe37507f,2020-11-29,38,1ad837fa-b180-47d6-972e-63a2f7b8fb4c,1
0ea57515-203b-4c27-824c-7f46afc2b612,2021-10-18,38,0eca5c97-f6fd-41dc-93dc-34ff16d7aeff,8
36241809-c8ca-4482-aabc-a860db8013f2,2021-12-29,38,c7abc8fb-8cbb-44c4-8fbd-37000c070886,5
75f2f844-b8bd-4fdc-a1c8-02094c7de566,2020-12-13,38,7bfd8f3c-4982-407b-9483-37e52ec1ceff,5
b954b4e5-3867-4e6e-853a-8e1db871fae5,2022-06-05,38,5b112a5b-931c-48b9-b054-bcfa4e2b91dc,9
c634957e-534f-4447-8aba-3ca6aea5a883,2022-09-18,38,8a0beb12-b4b7-4b32-844c-44023e0a313a,9
b04c1e66-b963-4285-bbd1-1f5540dace65,2022-10-01,39,497d86b6-4d69-4369-9f6c-5081a563e388,4
42c35af0-42a5-43bd-8242-cf6dff86ad47,2020-09-09,39,72c478dd-438d-4bca-8453-dc93632c17ca,7
6c91f6f2-35fa-4648-a4b3-e327a5c5402b,2023-09-15,39,502b1784-5401-4f3d-b16f-604cb2e70946,1
61dea8df-20d0-4af3-b5ce-fdd7147c40a2,2022-10-17,39,c1ea01c7-d516-4f6c-97b8-90004383cc57,5
c8832763-9b62-4c0f-a83e-f0487ea222a0,2020-07-19,39,402f2c7c-0ca2-488a-bfe3-9a78b069d017,4
1928463a-9d73-4cf2-bfc4-aac29b80bd86,2022-04-23,39,15fe7771-f959-40dd-8b89-1c76ae966b4f,3
3b05caba-cc9a-4f6f-b63e-14b9e56094d1,2020-12-21,40,e67fe435-98a0-4152-ba83-94afa89451c4,7
0375c304-3354-4419-baea-42c14a4a1dc6,2021-01-05,40,5d4957af-4178-4e45-9b05-a941ca61df0c,6
4209064a-ca20-413a-9b8d-a0b82a66ddcd,2020-11-06,40,441120a2-ff87-4ceb-a303-f960adb35271,7
bf9d49ba-e138-4734-9bcd-10975d36c356,2021-07-03,40,dc72f466-741c-4f34-860b-911805e007ff,9
7192194a-52e5-4aa6-8a22-f76c626cecab,2023-08-05,40,794cf804-eb37-49b0-bbaa-1e3c0ab175bd,3
a9d5788a-8608-4cc2-8754-7c26d238f316,2021-10-13,40,af3c93c6-e797-4f30-bd71-98badc35e223,7
c2316c36-50e5-4a15-a38b-ef2bf47b4d9b,2021-01-25,41,1656fc5e-9387-4367-8eb6-2d0743058a68,3
2a013a75-b246-40bb-abb5-20288de7cba3,2023-04-21,41,909fe469-c756-4811-8881-8d7d60ac4da4,10
dc65e019-149d-4f3e-8543-b95f52343879,2021-05-13,41,cd23135f-afa3-4241-8790-6f7f3a7c3835,3
e21c24db-ff73-4aec-a3d8-d17709e81332,2021-03-12,41,f5e45f9d-8124-41f3-ae1d-992654587fe9,6
2a09195e-9220-4665-8fe9-93c93e6cc637,2021-03-31,41,7c6f49ee-23dd-4384-a483-dab5797b4c1c,5
ffcad21b-8b3f-46d3-b9a8-bba52e79d5f3,2022-03-14,41,a960637f-d752-4e29-9050-06c5d8938378,6
1cb9c8b7-8bf3-4d9f-9fe9-4107a8eb0b2e,2020-01-09,42,5d60bdac-6ef4-4739-8792-12fbfa0ac01e,3
3d0e9e44-8cc5-4732-86bd-4e82873a5e41,2020-12-13,42,ef2a8a39-658e-432b-aeff-a8196f730594,9
2205906b-5d49-42f1-b704-c9f439b6088f,2021-10-18,42,6ae0225c-13d9-4cbd-8521-f6fce6ec0c8c,8
37ddf2b9-d29c-4d71-9baf-92e3ed98c2b1,2020-01-23,42,e0a0ac23-f482-4e54-ae66-c8ea97d4f22b,1
397ff914-5212-4d6f-b34a-178e1ab45ac8,2021-11-01,42,005e7814-9621-4ad9-851a-8ee392855bd5,1
6ba720ae-51da-4a86-a069-a6eefaa1b03d,2022-05-01,42,046b0b6d-05ad-4be0-957b-b562b35945ef,7
b18b5fb0-6d6f-40e0-925d-23fcfa0759f8,2020-04-20,42,e4159e32-79f6-4446-a2b3-2942940c79e7,4
3812a19d-a564-4afd-82ba-6ebe6608dbfb,2020-04-21,42,abd852cc-5d6e-44a9-978c-e7c0880292a6,2
8a0dbd8a-aff9-4ba9-a64c-ee18c2cb2ed0,2020-04-01,42,d5ea6286-94c4-4255-a049-8e0b777e66a4,3
16ddaf6b-d25c-4ab4-9e91-0b15df3ed176,2022-03-10,42,445e1924-2a9b-4287-b58b-ef991a5e8b40,3
0b4a5d51-42c1-4daf-91db-cc7b48249589,2021-07-10,43,80da06d9-1f68-42cb-98b2-c24012bcf762,2
86adcd03-f04d-4b14-958b-38845492bd36,2022-11-29,43,ad103030-bfff-4585-b46f-93979aa773e0,9
2a56d1dc-fcc8-40e2-b078-0c7cf9d107e6,2021-03-12,43,a0f18c74-04a1-452a-848e-d3f3e1d4a045,10
6f751576-b7e7-4dc5-ba60-69ccdfba2fec,2020-08-31,43,21f0268e-1f98-4afe-b05f-b8e2a9829b56,9
cdf55224-f9ad-4c31-9c56-fdd07e42abbf,2022-04-19,43,c537af46-6dd2-4b23-a4df-f079faa5ae7a,6
c7244577-dd30-443e-86d2-f5259e855406,2023-04-10,43,c468573f-0b4a-44e6-adcf-03003d4cb634,1
4cb049c8-1e1b-439c-82f5-3685eefdb222,2021-09-12,43,80a872f1-11bf-4687-a778-5e9ddbd2dbce,9
05d8e738-7e12-4d1f-a2e2-67b62c4e9106,2021-03-21,43,3da89545-8eb8-4d9d-a3b8-77149c8b73bc,4
a42fe260-f110-4e8b-9021-1e389224d60a,2020-06-03,43,8b49333c-a98f-43c1-9a10-6d7005e6e723,10
cef33a59-debb-4f69-b99d-ce45da43e855,2022-03-08,44,91b3dee0-cfd7-4b03-bb55-6bc2916989a2,10
a77d7053-0389-4bef-9386-a1236ace609d,2022-08-22,44,0d0c7acc-4c27-4903-a2e4-6600606f0bc1,3
14646179-e74b-4ceb-a219-68c78ebed60a,2022-12-18,44,10697ff9-8719-4960-ad57-d269281d4c0d,9
bf4d4fe6-df91-4aad-b9f4-12eb17842f23,2020-11-30,44,ff9f30d3-7626-42e0-92f1-ec744ed56a65,6
940ab344-20e6-4e17-8cac-e281e9cb0278,2022-10-22,44,139d72aa-cfe5-454d-8cfd-3daa62da2254,1
52a14be6-1d30-419e-88d3-ec71ea083bec,2020-12-09,44,36118ece-fb58-442c-b8d5-9f755ace9cfd,5
8dacce38-1e4d-4fb3-a098-4a516ce321e7,2022-12-01,44,20f2f43f-e125-43b8-b33e-23171e9457da,3
250eac26-d509-40ff-a17e-760c7da5b448,2021-08-06,44,410855f6-7b92-4824-b73c-3eaa1758834a,3
da2f4c50-7aed-4b87-a4d3-24b42d2288a3,2022-02-25,45,cd5ccb0f-8c11-4824-97a3-1704c0cb373e,3
20310b9e-8f56-4290-853e-a1339f42b545,2020-01-25,45,cae8ccfc-fbc3-4a80-8e40-10e91f230244,5
5bfbce2c-cffc-45d0-8ea8-8c5873cf8ca5,2022-09-06,45,c0386d0c-2a26-460f-bc02-9a8e7877db9c,7
6226e9ae-3564-4224-9cb2-06c0e842c6b4,2023-09-19,45,bab82375-055b-4665-bb98-d5279f92053c,2
478a553c-542e-4fdf-9d46-4752e6b7e30f,2023-01-08,45,d0123853-fb48-424a-8a54-167f10be7f1e,10
66ee2699-b224-454f-9b1e-2f34cbd42c1c,2020-05-30,45,3feda25a-4137-4fd0-99c9-9e94ee080cc7,5
b86d1105-5c96-4f4f-95d5-fb7b4d3e739e,2023-03-25,45,682326ff-3a4d-4ad1-9ce2-c3c8f04c03b5,9
1bec8e17-9350-40e9-a067-5bad97f76157,2020-12-31,45,8a5db9ee-4bd8-4e56-ad05-71f35d217538,9
cab779ca-db1e-4e97-b6df-4b2c9a4169d1,2023-05-10,46,60e1248b-62b6-4550-9752-cf2d585337a7,1
1aa74e08-d176-4603-b88b-0bafbf6e3c92,2023-07-12,46,f7f1f4db-66af-4062-9681-ab56329de2a0,3
5555f990-66aa-40cc-9f94-277bc65fe8fa,2020-01-12,46,765ab772-96cd-49eb-ab87-25f88f61f5b6,3
c9947b6d-1c67-4c2c-be12-cbceef7ea9b8,2022-07-04,47,8094bb1e-1844-40fb-957a-d3d1929daf11,2
b47fdcfe-e449-4988-bd40-71ac3cd64803,2020-03-05,47,41b2c2eb-8eb5-4b21-96b2-dc5d9e18e5a2,9
aa783689-12e1-4b11-8b95-3c4b41dc6bef,2020-07-23,47,dcad249f-49b5-472e-acff-43213a3f4ea8,5
bb045c5f-53b6-4024-9b91-044fd727ba1f,2022-08-16,47,7ca39195-9ef1-44a4-9a8d-b062cfaf286d,4
035958da-94f2-4a62-9295-4639226b67e9,2020-09-08,47,a19c9388-05f0-4e74-b5d5-5c028806c558,4
d1930c54-467b-43c9-8626-62e3663d5ecd,2022-10-19,47,6408e599-5db8-46dd-a70a-1861568eee6e,1
78d779c6-5fba-4f45-837a-9a46e37ad13d,2021-05-28,47,418fc9f6-9761-4610-8ba0-82af02d7e323,2
c7b572db-8b86-46c4-88ed-d22aa66ddc8f,2020-08-18,47,d3411570-81b4-4357-af1e-707464bd3649,8
bab84f8b-7a4e-44b3-8347-53b6975277fb,2020-02-28,47,e4fb8eda-c1cf-4c1f-8bc6-671825452b3a,7
51b29c22-2811-49ad-afe7-71abb36d2ad7,2021-05-03,48,fc040794-99f0-43df-9db6-5ec021edffa9,3
b618814d-7bc7-4e9b-9b2b-01d018d8acfe,2023-07-16,48,8e7864c0-a717-4cf4-8496-a3b86c051345,8
88570374-4fdf-4b0d-8db3-403c8993bbe6,2021-04-05,48,f6e789b7-c017-4406-84fa-5fa59019389b,3
4c1c1d83-b96e-4cc7-a901-38fc13d0d538,2022-03-26,49,58833d71-57d6-4ef4-b399-73ec9c771cec,2
89db8fe8-d625-44a4-a6d3-16a73799a160,2020-07-27,49,880fe45b-6396-4db7-b8ff-284a405a35fd,1
6e15883d-fdf0-4f17-9749-583354206d3a,2023-07-30,49,6db33d94-f3f2-4a95-b704-a668a897dde8,10
e75d1feb-3e3f-4a03-9eb4-d2f05794f35e,2022-11-06,49,3305b2a5-ae55-4547-8a50-fb7f07ebe1a5,9
a1342848-b1ac-4b16-a2cc-88805fbbee1c,2021-07-27,49,793ae054-b811-46ba-992b-e14a9b2eaa83,9
c93300e3-5a81-4d4c-9d8f-3da9457ecac5,2023-08-29,49,11c2ce3d-be8a-4276-a066-991b403097af,2
3373ac89-5c80-4f5d-a847-4e016a6a0f81,2020-10-06,49,1174fc20-e7e5-4976-a911-c7662e7bca22,2
878a95e5-3767-4ee8-8f29-27e6d8c67ef8,2022-07-10,49,e655d615-8645-4684-874a-afd592cc044f,6
514a6bac-c291-45f8-9bea-677eb690e509,2023-08-25,49,58c0ed5a-18e8-41ec-b1b1-192a81a30407,7
